{"song_id":161,"signature":"ojn","encode_version":2,"genre":3,"bpm":125,"level":[3,8,9,0],"event_count":[612,617,684],"note_count":[220,510,653],"measure_count":[55,55,55],"package_count":[301,314,305],"old_encode_version":25940,"old_songid":26723,"bmp_size":19254,"old_file_version":0,"title":"Check It out - ReMIX","artist":"Dr.Flowershirts","noter":"NF-Special","cover_size":189876,"duration":[107,107,107],"note_offset":[300,21948,44832],"cover_offset":68860,"data":[["||||||||0,12,0||||0.5625,5,0|0.5625,5,0|0.5625,5,0||0,12,0;0.5625,5,0;0.9375,7,0|0.5625,5,0;0.9375,7,0|0.625,20,0|||||0.125,33,0|||||0.875,81,0|0.125,49,0;0.375,50,0|0.875,81,0||0.875,62,0|0.125,63,0;0.375,64,0;0.625,65,0|0.875,71,0||0.625,20,0||0.625,20,0||0.625,20,0||0.625,20,0||||||||||0.5625,5,0;0.9375,7,0|0.5625,5,0;0.9375,7,0|0.5625,5,0;0.9375,7,0|","|||||||||||0.75,9,0|||||||||||0.875,32,0||||0.6875,81,0|||||||||0.375,19,0;0.75,9,0||0,16,0;0.625,16,0;0.875,16,0||0,16,0;0.625,16,0;0.875,16,0||0,16,0;0.625,16,0;0.875,16,0||0,16,0;0.625,16,0;0.875,16,0||||||0,16,0;0.625,16,0;0.875,16,0||||||","||||||||||||0.75,6,0;0.875,8,0|0.75,6,0;0.875,8,0|0.75,6,0;0.875,8,0||0.75,6,0;0.875,8,0|0.75,6,0;0.875,8,0|0.875,22,0||0.75,26,0||0.9375,81,0||0.75,81,0||0.625,40,0||0.75,48,0|0.625,51,0|0.75,56,0||0.75,61,0|0.75,81,0|0.75,70,0||0,16,0;0.125,17,0;0.875,22,0||0,16,0;0.125,17,0;0.875,22,0||0,16,0;0.125,17,0;0.875,22,0||0,16,0;0.125,17,0;0.875,22,0||||||||0.875,22,0||0.75,6,0;0.875,8,0|0.75,6,0;0.875,8,0|0.75,6,0;0.875,8,0|","||||0,79,0;0.375,80,0|0,79,0;0.375,80,0|0,79,0;0.375,80,0||0,79,0;0.375,80,0|0,79,0;0.375,80,0|0,79,0;0.375,80,0||||||0,79,0;0.375,80,0|0,79,0;0.375,80,0|0,79,0;0.375,80,0|0,13,0|||||||||||||||||||||||||||||||0,74,0;0.1875,75,0;0.375,76,0;0.59375,77,0;0.75,78,0||0,79,0;0.375,80,0|0,79,0;0.375,80,0|0,79,0;0.375,80,0|0,16,0","|||||||0,16,0|||||0,0,0;0.125,1,0|0,0,0;0.125,1,0|0,0,0;0.125,1,0|||||0.5,15,0|0.625,25,0||||0,81,0;0.625,35,0||||0.625,47,0|0.75,81,0|0.625,55,0||0.625,81,0||0.625,69,0||0.875,8,0||0.875,8,0||0.875,8,0||0.875,8,0||0.375,76,0|0.375,76,0|0.375,76,0|0.375,76,0|0.375,76,0|0.375,76,0||0.5,15,0||||","|||||||0.25,17,0||||0,13,0;0.875,8,0||||0,11,0|||||0,24,0;0.875,81,0|0.5,27,0|0,29,0;0.625,30,0|0.8125,81,0|0.875,36,0|0.5,37,0|0,39,0|0.125,43,0||||0.625,57,0||||0.5,72,0|0.25,18,0||0.25,18,0||0.25,18,0||0.25,18,0||0.1875,75,0;0.59375,77,0|0.1875,75,0;0.59375,77,0|0.1875,75,0;0.59375,77,0|0.1875,75,0;0.59375,77,0|0.1875,75,0;0.59375,77,0|0.1875,75,0;0.59375,77,0|0.875,8,0|||||0,12,0","|||||||0.5,18,0|||||||||||0.6875,21,0|||0.625,28,0|0.75,31,0|0.625,34,0||0.625,38,0|0.75,41,0;0.875,42,0||0,44,0;0.25,45,0;0.5,46,0||0,52,0;0.25,53,0;0.5,54,0|0.75,81,0|0,58,0;0.25,59,0;0.5,60,0||0,66,0;0.25,67,0;0.5,68,0|0.75,73,0|0.6875,21,0||0.6875,21,0||0.6875,21,0||0.6875,21,0||0,74,0;0.75,78,0|0,74,0;0.75,78,0|0,74,0;0.75,78,0|0,74,0;0.75,78,0|0,74,0;0.75,78,0|0,74,0;0.75,78,0||||||","|||||||||||||||||||||||||||||||||||||||||||||||||||||||"],["||||0.5625,5,0;0.9375,7,0|0.5625,5,0;0.9375,7,0|0.5625,5,0;0.9375,7,0||0,12,0;0.5625,5,0;0.9375,7,0|0.5625,5,0;0.9375,7,0|0.5625,5,0;0.9375,7,0||0.5625,5,0;0.9375,7,0|0.5625,5,0;0.9375,7,0|0.5625,5,0;0.9375,7,0||0,12,0;0.5625,5,0;0.9375,7,0|0.5625,5,0;0.9375,7,0|0.625,20,0||0,12,0;0.125,17,0;0.625,20,0;0.875,22,0|0.125,17,0;0.625,20,0;0.875,22,0|0.125,17,0;0.625,20,0;0.875,22,0|0.125,17,0;0.625,20,0;0.875,22,0|0.125,17,0;0.625,20,0;0.875,22,0|0.125,17,0;0.625,20,0;0.875,22,0|0.125,17,0;0.625,20,0;0.875,22,0|0.125,17,0|0.125,17,0;0.625,20,0;0.875,22,0|0.125,17,0;0.625,20,0;0.875,22,0|0.125,17,0;0.625,20,0;0.875,22,0|0.125,17,0|0.125,17,0;0.625,20,0;0.875,22,0|0.125,17,0;0.625,20,0;0.875,22,0|0.125,17,0;0.625,20,0;0.875,22,0||0.625,20,0||0.625,20,0||0.625,20,0||0.625,20,0||0.125,17,0;0.625,20,0|0.125,17,0;0.625,20,0|0.125,17,0;0.625,20,0|0.125,17,0;0.625,20,0|0.125,17,0;0.625,20,0||0.125,17,0;0.625,20,0||0.5625,5,0;0.9375,7,0|0.5625,5,0;0.9375,7,0|0.5625,5,0;0.9375,7,0|","||||0.75,9,0|0.75,9,0|0.75,9,0|0,10,0;0.25,10,0;0.5,10,0;0.5625,10,0;0.6875,10,0;0.8125,10,0;0.875,10,0|0.75,9,0|0.75,9,0|0.75,9,0|0.75,9,0|0.75,9,0|0.75,9,0|0.75,9,0||0.75,9,0|0.75,9,0|0.375,19,0||0,13,0;0.375,19,0|0.375,19,0|0.375,19,0|0.375,19,0|0.375,19,0|0.375,19,0|0.375,19,0|0.375,19,0;0.875,8,0|0.375,19,0|0.375,19,0|0.375,19,0|0.375,19,0|0.375,19,0|0.375,19,0|0.375,19,0|0.375,19,0;0.75,9,0|0.375,19,0|0,16,0;0.625,16,0;0.875,16,0|0.375,19,0|0,16,0;0.625,16,0;0.875,16,0|0.375,19,0|0,16,0;0.625,16,0;0.875,16,0|0.375,19,0|0,16,0;0.625,16,0;0.875,16,0|0.375,19,0;0.875,8,0|0.375,19,0;0.875,8,0|0.375,19,0;0.875,8,0|0.375,19,0;0.875,8,0|0.375,19,0;0.875,8,0|0,16,0;0.625,16,0;0.875,16,0|0.375,19,0||0.0625,81,0;0.1875,81,0;0.3125,81,0;0.75,9,0|0.0625,81,0;0.1875,81,0;0.3125,81,0;0.75,9,0|0.0625,81,0;0.1875,81,0;0.3125,81,0;0.75,9,0|","||||0.75,6,0;0.875,8,0|0.75,6,0;0.875,8,0|0.75,6,0;0.875,8,0||0.75,6,0;0.875,8,0|0.75,6,0;0.875,8,0|0.75,6,0;0.875,8,0||0.75,6,0;0.875,8,0|0.75,6,0;0.875,8,0|0.75,6,0;0.875,8,0||0.75,6,0;0.875,8,0|0.75,6,0;0.875,8,0|0.875,22,0||0,16,0;0.25,18,0;0.6875,21,0|0,16,0;0.25,18,0;0.6875,21,0|0,16,0;0.25,18,0;0.6875,21,0|0,16,0;0.25,18,0;0.6875,21,0|0,16,0;0.25,18,0;0.6875,21,0|0,16,0;0.25,18,0;0.6875,21,0|0,16,0;0.25,18,0;0.6875,21,0|0,16,0;0.25,18,0|0,16,0;0.25,18,0;0.6875,21,0|0,16,0;0.25,18,0;0.6875,21,0|0,16,0;0.25,18,0;0.6875,21,0|0,16,0;0.25,18,0|0,16,0;0.25,18,0;0.6875,21,0|0,16,0;0.25,18,0;0.6875,21,0|0,16,0;0.25,18,0;0.6875,21,0|0,16,0|0,16,0;0.125,17,0;0.875,22,0||0,16,0;0.125,17,0;0.875,22,0||0,16,0;0.125,17,0;0.875,22,0||0,16,0;0.125,17,0;0.875,22,0||0,16,0;0.25,18,0;0.6875,21,0|0,16,0;0.25,18,0;0.6875,21,0|0,16,0;0.25,18,0;0.6875,21,0|0,16,0;0.25,18,0;0.6875,21,0|0,16,0;0.25,18,0;0.6875,21,0||0,16,0;0.875,22,0||0.875,8,0|0.875,8,0|0.875,8,0|","|||||||||||||||||||0,13,0||||0.125,33,0||||0.5,18,0;0.625,18,0;0.6875,18,0;0.8125,18,0;0.875,18,0|0.875,81,0|0.125,49,0;0.375,50,0;0.625,51,0|0.875,81,0||0.875,62,0|0.125,63,0;0.375,64,0;0.625,65,0|0.875,71,0|||0.125,18,0;0.25,18,0;0.375,18,0;0.5,18,0;0.75,18,0;0.8125,18,0||0.125,18,0;0.25,18,0;0.375,18,0;0.5,18,0;0.75,18,0;0.8125,18,0||0.125,18,0;0.25,18,0;0.375,18,0;0.5,18,0;0.75,18,0;0.8125,18,0||0.125,18,0;0.25,18,0;0.375,18,0;0.5,18,0;0.75,18,0;0.8125,18,0||||||0.125,18,0;0.25,18,0;0.375,18,0;0.5,18,0;0.75,18,0;0.8125,18,0|0,74,0;0.1875,75,0;0.375,76,0;0.59375,77,0;0.75,78,0|||||0,16,0","||||0,0,0;0.125,1,0;0.375,3,0|0,0,0;0.125,1,0;0.375,3,0|0,0,0;0.125,1,0;0.375,3,0|0,16,0|0,0,0;0.125,1,0;0.375,3,0|0,0,0;0.125,1,0;0.375,3,0|0,0,0;0.125,1,0;0.375,3,0||0,0,0;0.125,1,0;0.375,3,0|0,0,0;0.125,1,0;0.375,3,0|0,0,0;0.125,1,0;0.375,3,0||0,0,0;0.125,1,0;0.375,3,0|0,0,0;0.125,1,0;0.375,3,0|0,16,0;0.125,17,0|0.5,15,0|0.75,81,0||0.875,32,0||0,81,0;0.75,81,0||0.6875,81,0||0.75,81,0|0.75,81,0|0.75,56,0||0.75,61,0|0.75,81,0|0.75,70,0||0.875,8,0||0.875,8,0||0.875,8,0||0.875,8,0||0.375,76,0|0.375,76,0|0.375,76,0|0.375,76,0|0.375,76,0|0.375,76,0||0.5,15,0|0,0,0;0.125,1,0;0.375,3,0|0,0,0;0.125,1,0;0.375,3,0|0,0,0;0.125,1,0;0.375,3,0|","||||0.4375,4,0|0.4375,4,0|0.4375,4,0|0.25,17,0|0.4375,4,0|0.4375,4,0|0.4375,4,0|0,13,0;0.875,8,0|0.4375,4,0|0.4375,4,0|0.4375,4,0|0,11,1|0,11,2;0.4375,4,0|0.4375,4,0|0.25,18,0|0,14,1|0,14,2;0.625,25,0;0.875,81,0|0.5,27,0|0,29,0;0.625,30,0;0.9375,81,0|0.8125,81,0|0.875,36,0|0.5,37,0|0,39,0;0.625,40,0|0.125,43,0|0.625,47,0||0.625,55,0|0.625,57,0|0.625,81,0||0.625,69,0|0.5,72,0|0.25,18,0||0.25,18,0||0.25,18,0||0.25,18,0||0.1875,75,0;0.59375,77,0|0.1875,75,0;0.59375,77,0|0.1875,75,0;0.59375,77,0|0.1875,75,0;0.59375,77,0|0.1875,75,0;0.59375,77,0|0.1875,75,0;0.59375,77,0|0.25,18,0;0.875,8,0||0.4375,4,0|0.4375,4,0|0.4375,4,0|0,12,0","||||0.25,2,0|0.25,2,0|0.25,2,0|0.5,18,0|0.25,2,0|0.25,2,0|0.25,2,0||0.25,2,0|0.25,2,0|0.25,2,0||0.25,2,0|0.25,2,0|0.6875,21,0||0,24,0|0.625,28,0|0.75,31,0|0.625,81,0|0.625,81,0|0.625,38,0|0.75,41,0;0.875,42,0||0,44,0;0.25,45,0;0.5,46,0||0,52,0;0.25,53,0;0.5,54,0|0.75,81,0|0,58,0;0.25,59,0;0.5,60,0||0,66,0;0.25,67,0;0.5,68,0|0.75,73,0|0.6875,21,0||0.6875,