{"song_id":387,"signature":"ojn","encode_version":2.9000000953674316,"genre":2,"bpm":75,"level":[1,1,1,0],"event_count":[1791,1791,1791],"note_count":[129,129,129],"measure_count":[42,42,42],"package_count":[425,425,425],"old_encode_version":29,"old_songid":387,"bmp_size":19256,"old_file_version":0,"title":"[Easy]Just 1 more","artist":"IL-RA","noter":"NoteFactory","cover_size":163663,"duration":[137,137,137],"note_offset":[300,112500,226620],"cover_offset":330436,"data":[["||||||||||||||||||||||||||||||||||||||||||","|||0.75,42,0||||0.25,53,0|0.25,55,0|0,48,0||0.6875,83,0||0.375,203,0|0.25,97,0|||||0.75,323,0||||0,334,0|0.25,337,0|0.375,344,0|0.375,348,0|0.75,353,0||0.375,358,0|0.125,360,0||0.25,367,0|0.375,371,0||0.5625,385,0||0.75,516,0|0.25,521,0|0.3125,531,0|0.0625,534,0||","|||0.375,41,0|||0.75,51,0||0.375,56,0||0.125,74,0;0.6875,76,0|0.5,81,0|||0.6875,98,0|0.875,108,0||||0.375,322,0|||0.75,333,0||0.875,340,0|0.25,343,0|0.25,347,0|0.375,352,0||0.25,357,0|0.25,361,0|0.25,365,0|0.90625,370,0|0.5,372,0||0.375,384,0||0.625,515,0|0.125,520,0||0.4375,535,0|0.25,546,0|","0.375,29,0|0.375,61,0;0.5625,62,0;0.8125,62,0|0.375,61,0;0.5625,62,0;0.8125,62,0|||0.375,61,0;0.5625,62,0;0.8125,62,0|0.375,50,0||||||0.34375,86,1;0.8125,86,2||||0.375,307,0|0.375,61,0;0.5625,62,0;0.8125,62,0|0.375,61,0;0.5625,62,0;0.8125,62,0|||0.375,61,0;0.5625,62,0;0.8125,62,0|0.375,332,0|||||0.25,351,0|||0.375,362,0|||0.6875,374,0|0.6875,437,0||||0.4375,522,0|0.1875,529,0|0.625,538,0||","|||0,38,0||||||0.1875,50,0|0.25,75,0|0.0625,80,0||||0.0625,102,0;0.625,105,0|||||||||0.375,338,0|0.125,342,0|0.125,346,0|0.125,350,0||0.125,356,0|0.75,363,0||0.78125,369,0||0.5,435,0||0.375,450,0||0.75,470,0|0.0625,528,0|0.9375,542,0|0.375,548,0|","|0,30,0|0,34,0|||0,43,0|0,47,0|0,52,0|0,54,0;0.75,57,0||0,72,0;0.875,79,0|||0.375,203,0|0,93,0;0.125,95,0;0.875,101,0|0.4375,103,0||0,311,0|0,315,0|0,319,0||0,325,0|0,329,0|0.25,335,0|0,336,0;0.75,339,0|0,341,0|0,345,0|0,349,0||0,355,0||0,364,0|0,366,0;0.375,368,0||0.375,434,0||0.5625,451,0||0.875,472,0|||0.125,545,0|","||||||||||||||||||||||||||||||||||||||||||","||||||||||||||||||||||||||||||||||||||||||"],["||||||||||||||||||||||||||||||||||||||||||","|||0.75,42,0||||0.25,53,0|0.25,55,0|0,48,0||0.6875,83,0||0.375,203,0|0.25,97,0|||||0.75,323,0||||0,334,0|0.25,337,0|0.375,344,0|0.375,348,0|0.75,353,0||0.375,358,0|0.125,360,0||0.25,367,0|0.375,371,0||0.5625,385,0||0.75,516,0|0.25,521,0|0.3125,531,0|0.0625,534,0||","|||0.375,41,0|||0.75,51,0||0.375,56,0||0.125,74,0;0.6875,76,0|0.5,81,0|||0.6875,98,0|0.875,108,0||||0.375,322,0|||0.75,333,0||0.875,340,0|0.25,343,0|0.25,347,0|0.375,352,0||0.25,357,0|0.25,361,0|0.25,365,0|0.90625,370,0|0.5,372,0||0.375,384,0||0.625,515,0|0.125,520,0||0.4375,535,0|0.25,546,0|","0.375,29,0|0.375,61,0;0.5625,62,0;0.8125,62,0|0.375,61,0;0.5625,62,0;0.8125,62,0|||0.375,61,0;0.5625,62,0;0.8125,62,0|0.375,50,0||||||0.34375,86,1;0.8125,86,2||||0.375,307,0|0.375,61,0;0.5625,62,0;0.8125,62,0|0.375,61,0;0.5625,62,0;0.8125,62,0|||0.375,61,0;0.5625,62,0;0.8125,62,0|0.375,332,0|||||0.25,351,0|||0.375,362,0|||0.6875,374,0|0.6875,437,0||||0.4375,522,0|0.1875,529,0|0.625,538,0||","|||0,38,0||||||0.1875,50,0|0.25,75,0|0.0625,80,0||||0.0625,102,0;0.625,105,0|||||||||0.375,338,0|0.125,342,0|0.125,346,0|0.125,350,0||0.125,356,0|0.75,363,0||0.78125,369,0||0.5,435,0||0.375,450,0||0.75,470,0|0.0625,528,0|0.9375,542,0|0.375,548,0|","|0,30,0|0,34,0|||0,43,0|0,47,0|0,52,0|0,54,0;0.75,57,0||0,72,0;0.875,79,0|||0.375,203,0|0,93,0;0.125,95,0;0.875,101,0|0.4375,103,0||0,311,0|0,315,0|0,319,0||0,325,0|0,329,0|0.25,335,0|0,336,0;0.75,339,0|0,341,0|0,345,0|0,349,0||0,355,0||0,364,0|0,366,0;0.375,368,0||0.375,434,0||0.5625,451,0||0.875,472,0|||0.125,545,0|","||||||||||||||||||||||||||||||||||||||||||","||||||||||||||||||||||||||||||||||||||||||"],["||||||||||||||||||||||||||||||||||||||||||","|||0.75,42,0||||0.25,53,0|0.25,55,0|0,48,0||0.6875,83,0||0.375,203,0|0.25,97,0|||||0.75,323,0||||0,334,0|0.25,337,0|0.375,344,0|0.375,348,0|0.75,353,0||0.375,358,0|0.125,360,0||0.25,367,0|0.375,371,0||0.5625,385,0||0.75,516,0|0.25,521,0|0.3125,531,0|0.0625,534,0||","|||0.375,41,0|||0.75,51,0||0.375,56,0||0.125,74,0;0.6875,76,0|0.5,81,0|||0.6875,98,0|0.875,108,0||||0.375,322,0|||0.75,333,0||0.875,340,0|0.25,343,0|0.25,347,0|0.375,352,0||0.25,357,0|0.25,361,0|0.25,365,0|0.90625,370,0|0.5,372,0||0.375,384,0||0.625,515,0|0.125,520,0||0.4375,535,0|0.25,546,0|","0.375,29,0|0.375,61,0;0.5625,62,0;0.8125,62,0|0.375,61,0;0.5625,62,0;0.8125,62,0|||0.375,61,0;0.5625,62,0;0.8125,62,0|0.375,50,0||||||0.34375,86,1;0.8125,86,2||||0.375,307,0|0.375,61,0;0.5625,62,0;0.8125,62,0|0.375,61,0;0.5625,62,0;0.8125,62,0|||0.375,61,0;0.5625,62,0;0.8125,62,0|0.375,332,0|||||0.25,351,0|||0.375,362,0|||0.6875,374,0|0.6875,437,0||||0.4375,522,0|0.1875,529,0|0.625,538,0||","|||0,38,0||||||0.1875,50,0|0.25,75,0|0.0625,80,0||||0.0625,102,0;0.625,105,0|||||||||0.375,338,0|0.125,342,0|0.125,346,0|0.125,350,0||0.125,356,0|0.75,363,0||0.78125,369,0||0.5,435,0||0.375,450,0||0.75,470,0|0.0625,528,0|0.9375,542,0|0.375,548,0|","|0,30,0|0,34,0|||0,43,0|0,47,0|0,52,0|0,54,0;0.75,57,0||0,72,0;0.875,79,0|||0.375,203,0|0,93,0;0.125,95,0;0.875,101,0|0.4375,103,0||0,311,0|0,315,0|0,319,0||0,325,0|0,329,0|0.25,335,0|0,336,0;0.75,339,0|0,341,0|0,345,0|0,349,0||0,355,0||0,364,0|0,366,0;0.375,368,0||0.375,434,0||0.5625,451,0||0.875,472,0|||0.125,545,0|","||||||||||||||||||||||||||||||||||||||||||","||||||||||||||||||||||||||||||||||||||||||"]],"audiosprite":{"playable":{"resources":["../playable.ogg"],"spritemap":{"29":{"start":16,"end":22.374965986394557,"loop":false},"30":{"start":24,"end":24.565487528344672,"loop":false},"34":{"start":70,"end":70.56174603174603,"loop":false},"38":{"start":159,"end":159.55485260770976,"loop":false},"41":{"start":166,"end":167.66868480725623,"loop":false},"42":{"start":169,"end":174.62607709750566,"loop":false},"43":{"start":176,"end":176.55002267573695,"loop":false},"47":{"start":191,"end":191.55839002267572,"loop":false},"48":{"start":197,"end":197.55897959183673,"loop":false},"50":{"start":199,"end":200.7004081632653,"loop":false},"51":{"start":202,"end":203.1194557823129,"loop":false},"52":{"start":209,"end":210.12213151927438,"loop":false},"53":{"start":222,"end":225.37582766439908,"loop":false},"54":{"start":238,"end":239.123537414966,"loop":false},"55":{"start":250,"end":250.55396825396826,"loop":false},"56":{"start":252,"end":253.69226757369614,"loop":false},"57":{"start":255,"end":255.56326530612245,"loop":false},"61":{"start":257,"end":257.51374149659864,"loop":false},"62":{"start":259,"end":259.19074829931975,"loop":false},"72":{"start":261,"end":261.20607709750567,"loop":false},"74":{"start":263,"end":263.4000453514739,"loop":false},"75":{"start":265,"end":266.44426303854874,"loop":false},"76":{"start":268,"end":268.2234920634921,"loop":false},"79":{"start":270,"end":270.62913832199547,"loop":false},"80":{"start":272,"end":273.43371882086166,"loop":false},"81":{"start":275,"end":275.20607709750567,"loop":false},"83":{"start":277,"end":279.0931746031746,"loop":false},"86":{"start":281,"end":282.85916099773243,"loop":false},"93":{"start":284,"end":284.2321995464853,"loop":false},"95":{"start":286,"end":286.19736961451247,"loop":false},"97":{"start":288,"end":289.42294784580497,"loop":false},"98":{"start":291,"end":291.2031746031746,"loop":false},"101":{"start":0,"end":0.638095238095238,"loop":false},"102":{"start":2,"end":3.413015873015873,"loop":false},"103":{"start":5,"end":5.206077097505669,"loop":false},"105":{"start":7,"end":7.216235827664399,"loop":false},"108":{"start":9,"end":10.130136054421769,"loop":false},"203":{"start":12,"end":14.925714285714285,"loop":false},"307":{"start":26,"end":26.647256235827665,"loop":false},"311":{"start":28,"end":28.55374149659864,"loop":false},"315":{"start":30,"end":30.56893424036281,"loop":false},"319":{"start":32,"end":32.553605442176874,"loop":false},"322":{"start":34,"end":35.672879818594105,"loop":false},"323":{"start":37,