{"song_id":391,"signature":"ojn","encode_version":2.9000000953674316,"genre":0,"bpm":70,"level":[2,2,2,0],"event_count":[804,804,804],"note_count":[174,174,174],"measure_count":[32,32,32],"package_count":[362,362,362],"old_encode_version":29,"old_songid":391,"bmp_size":19256,"old_file_version":0,"title":"[Easy]You was born to be loved?","artist":"BeatifulDay","noter":"GMSFactory","cover_size":91593,"duration":[113,113,113],"note_offset":[300,87868,179724],"cover_offset":273052,"data":[["||0.5,12,0|||0.375,36,0|0.875,35,0|||0.375,36,0|0.875,35,0||0.875,35,0|||||||0.6875,266,0|0.75,229,0||0,221,0|0.625,285,0||0.5,312,0|||||0,315,0;0.75,189,0||","||||0.25,363,0|0.4375,37,0|0.75,36,0|0.375,34,0||0.4375,37,0|0.9375,36,0||||0.125,242,0;0.875,253,0|0.875,268,0|0.875,253,0|||0,231,0;0.75,231,0|||0.125,221,0|0.6875,286,0||0.6875,314,0||||||0.5,192,0|","|0.75,3,0|0.75,16,0|0.4791666666666667,359,0||0.5,38,0|0.625,37,0;0.9375,36,0|0.4375,35,0||0.5,38,0|0.75,36,0|0.375,34,0|0.9375,36,0|0.625,230,0|0.4375,247,0;0.625,250,0|0,255,0;0.125,257,0;0.4375,262,0;0.625,265,0|0,240,0;0.125,242,0;0.4375,247,0;0.625,250,0|0,255,0;0.125,257,0;0.4375,262,0;0.625,265,0;0.875,268,0|0.25,233,0;0.8125,228,0|0.8125,233,0|0.375,229,0|0.5,231,0|0.25,221,0|0.5,284,0;0.75,287,0||0.625,313,0;0.75,315,0||0.5,352,0|0.75,357,0|0.9114583333333334,364,0|0.5,188,0|0,190,0|","||||0.5,367,0||||||||||||||||||||||||||||","|0.5,2,0|0,4,0|0.25,357,0|0,362,0||0.1875,38,0;0.5,38,0|0.5,36,0;0.625,36,0;0.75,36,0|0.375,36,0;0.4375,36,0;0.875,36,0||0.1875,38,0;0.625,37,0|0.4375,35,0|0.375,36,0;0.4375,36,0;0.75,36,0|0.8125,230,0|0.375,246,0;0.5625,249,0;0.9375,254,0|0.375,261,0;0.5625,264,0;0.9375,269,0|0.375,246,0;0.5625,249,0;0.9375,254,0|0.375,261,0;0.5625,264,0;0.9375,269,0|0.5,233,0;0.875,235,0|0.375,227,0;0.875,236,0|0,234,0;0.25,234,0;0.6875,251,0||0.375,221,0;0.625,271,0;0.875,274,0||0.5,298,0;0.75,301,0|0.875,316,0|0,318,0|||0,360,0;0.75,363,0||0.25,191,0|0,194,0","|0,1,0||0,20,0;0.75,361,0|||0.125,39,0;0.3125,39,0|0.9375,38,0|0.625,37,0;0.75,37,0;0.9375,37,0||0.125,39,0;0.3125,39,0;0.5,38,0|0.5,36,0;0.625,36,0;0.75,36,0;0.9375,38,0|0.625,37,0||0,240,0;0.75,252,0|0.75,267,0|0.75,252,0|0.75,267,0||0,236,0;0.25,237,0|0.5,233,0|0.25,235,0|0.6875,272,0;0.9375,275,0||0.6875,300,0||||0,356,0|0.5,362,0||0.75,193,0|","||0.25,8,0|||0.875,40,0;0.9375,40,0|0,40,0|0.875,39,0|0.5,38,0|0.875,40,0;0.9375,40,0|0,40,0|0.875,39,0|0.5,38,0||||||0,233,0|0.5,238,0||0,236,0|0.5,270,0;0.75,273,0|0,276,0|0.625,299,0|0.9375,317,0|0.5,348,0|||0.25,361,0|||","||||||||||||||||||||||||||||||||"],["||0.5,12,0|||0.375,36,0|0.875,35,0|||0.375,36,0|0.875,35,0||0.875,35,0|||||||0.6875,266,0|0.75,229,0||0,221,0|0.625,285,0||0.5,312,0|||||0,315,0;0.75,189,0||","||||0.25,363,0|0.4375,37,0|0.75,36,0|0.375,34,0||0.4375,37,0|0.9375,36,0||||0.125,242,0;0.875,253,0|0.875,268,0|0.875,253,0|||0,231,0;0.75,231,0|||0.125,221,0|0.6875,286,0||0.6875,314,0||||||0.5,192,0|","|0.75,3,0|0.75,16,0|0.4791666666666667,359,0||0.5,38,0|0.625,37,0;0.9375,36,0|0.4375,35,0||0.5,38,0|0.75,36,0|0.375,34,0|0.9375,36,0|0.625,230,0|0.4375,247,0;0.625,250,0|0,255,0;0.125,257,0;0.4375,262,0;0.625,265,0|0,240,0;0.125,242,0;0.4375,247,0;0.625,250,0|0,255,0;0.125,257,0;0.4375,262,0;0.625,265,0;0.875,268,0|0.25,233,0;0.8125,228,0|0.8125,233,0|0.375,229,0|0.5,231,0|0.25,221,0|0.5,284,0;0.75,287,0||0.625,313,0;0.75,315,0||0.5,352,0|0.75,357,0|0.9114583333333334,364,0|0.5,188,0|0,190,0|","||||0.5,367,0||||||||||||||||||||||||||||","|0.5,2,0|0,4,0|0.25,357,0|0,362,0||0.1875,38,0;0.5,38,0|0.5,36,0;0.625,36,0;0.75,36,0|0.375,36,0;0.4375,36,0;0.875,36,0||0.1875,38,0;0.625,37,0|0.4375,35,0|0.375,36,0;0.4375,36,0;0.75,36,0|0.8125,230,0|0.375,246,0;0.5625,249,0;0.9375,254,0|0.375,261,0;0.5625,264,0;0.9375,269,0|0.375,246,0;0.5625,249,0;0.9375,254,0|0.375,261,0;0.5625,264,0;0.9375,269,0|0.5,233,0;0.875,235,0|0.375,227,0;0.875,236,0|0,234,0;0.25,234,0;0.6875,251,0||0.375,221,0;0.625,271,0;0.875,274,0||0.5,298,0;0.75,301,0|0.875,316,0|0,318,0|||0,360,0;0.75,363,0||0.25,191,0|0,194,0","|0,1,0||0,20,0;0.75,361,0|||0.125,39,0;0.3125,39,0|0.9375,38,0|0.625,37,0;0.75,37,0;0.9375,37,0||0.125,39,0;0.3125,39,0;0.5,38,0|0.5,36,0;0.625,36,0;0.75,36,0;0.9375,38,0|0.625,37,0||0,240,0;0.75,252,0|0.75,267,0|0.75,252,0|0.75,267,0||0,236,0;0.25,237,0|0.5,233,0|0.25,235,0|0.6875,272,0;0.9375,275,0||0.6875,300,0||||0,356,0|0.5,362,0||0.75,193,0|","||0.25,8,0|||0.875,40,0;0.9375,40,0|0,40,0|0.875,39,0|0.5,38,0|0.875,40,0;0.9375,40,0|0,40,0|0.875,39,0|0.5,38,0||||||0,233,0|0.5,238,0||0,236,0|0.5,270,0;0.75,273,0|0,276,0|0.625,299,0|0.9375,317,0|0.5,348,0|||0.25,361,0|||","||||||||||||||||||||||||||||||||"],["||0.5,12,0|||0.375,36,0|0.875,35,0|||0.375,36,0|0.875,35,0||0.875,35,0|||||||0.6875,266,0|0.75,229,0||0,221,0|0.625,285,0||0.5,312,0|||||0,315,0;0.75,189,0||","||||0.25,363,0|0.4375,37,0|0.75,36,0|0.375,34,0||0.4375,37,0|0.9375,36,0||||0.125,242,0;0.875,253,0|0.875,268,0|0.875,253,0|||0,231,0;0.75,231,0|||0.125,221,0|0.6875,286,0||0.6875,314,0||||||0.5,192,0|","|0.75,3,0|0.75,16,0|0.4791666666666667,359,0||0.5,38,0|0.625,37,0;0.9375,36,0|0.4375,35,0||0.5,38,0|0.75,36,0|0.375,34,0|0.9375,36,0|0.625,230,0|0.4375,247,0;0.625,250,0|0,255,0;0.125,257,0;0.4375,262,0;0.625,265,0|0,240,0;0.125,242,0;0.4375,247,0;0.625,250,0|0,255,0;0.125,257,0;0.4375,262,0;0.625,265,0;0.875,268,0|0.25,233,0;0.8125,228,0|0.8125,233,0|0.375,229,0|0.5,231,0|0.25,221,0|0.5,284,0;0.75,287,0||0.625,313,0;0.75,315,0||0.5,352,0|0.75,357,0|0.9114583333333334,364,0|0.5,188,0|0,190,0|","||||0.5,367,0||||||||||||||||||||||||||||","|0.5,2,0|0,4,0|0.25,357,0|0,362,0||0.1875,38,0;0.5,38,0|0.5,36,0;0.625,36,0;0.75,36,0|0.375,36,0;0.4375,36,0;0.875,36,0||0.1875,38,0;0.625,37,0|0.4375,35,0|0.375,36,0;0.4375,36,0;0.75,36,0|0.8125,230,0|0.375,246,0;0.5625,249,0;0.9375,254,0|0.375,261,0;0.5625,264,0;0.9375,269,0|0.375,246,0;0.5625,249,0;0.9375,254,0|0.375,261,0;0.5625,264,0;0.9375,269,0|0.5,233,0;0.875,235,0|0.375,227,0;0.875,236,0|0,234,0;0.25,234,0;0.6875,251,0||0.375,221,0;0.625,271,0;0.875,274,0||0.5,298,0;0.75,301,0|0.875,316,0|0,318,0|||0,360,0;0.75,363,0||0.25,191,0|0,194,0","|0,1,0||0,20,0;0.75,361,0|||0.125,39,0;0.3125,39,0|0.9375,38,0|0.625,37,0;0.75,37,0;0.9375,37,0||0.125,39,0;0.3125,39,0;0.5,38,0|0.5,36,0;0.625,36,0;0.75,36,0;0.9375,38,0|0.625,37,0||0,240,0;0.75,252,0|0.75,267,0|0.75,252,0|0.75,267,0||0,236,0;0.25,237,0|0.5,233,0|0.25,235,0|0.6875,272,0;0.9375,275,0||0.6875,300,0||||0,356,0|0.5,362,0||0.75,193,0|","||0.25,8,0|||0.875,40,0;0.9375,40,0|0,40,0|0.875,39,0|0.5,38,0|0.875,40,0;0.9375,40,0|0,40,0|0.875,39,0|0.5,38,0||||||0,233,0|0.5,238,0||0,236,0|0.5,270,0;0.75,273,0|0,276,0|0.625,299,0|0.9375,317,0|0.5,348,0|||0.25,361,0|||","||||||||||||||||||||||||||||||||"]],"audiosprite":{"autoplay":[{"resources":["autoplay_easy.ogg"],"spritemap":{"autoplay_easy":{"start":0,"end":113,"loop":false}}},{"resources":["autoplay_normal.ogg"],"spritemap":{"autoplay_normal":{"start":0,"end":113,"loop":false}}},{"resources":["autoplay_hard.ogg"],"spritemap":{"autoplay_hard":{"start":0,"end":113,"loop":false}}}],"playable":{"resources":["../playable.ogg"],"spritemap":{"1":{"start":0,"end":2.413764172335601,"loop":false},"2":{"start":32,"end":33.2,"loop":false},"3":{"start":139,"end":140.20385487528344,"loop":false},"4":{"start":214,"end":214.29337868480727,"loop":false},"8":{"start":220,"end":220.3012244897959,"loop":false},"12":{"start":4,"end":4.282222222222222,"loop":false},"16":{"start":6,"end":6.291496598639456,"loop":false},"20":{"start":35,"end":35.59072562358276,"loop":false},"34":{"start":160,"end":161.73321995464852,"loop":false},"35":{"start":169,"end":170.7303628117914,"loop":false},"36":{"start":185,"end":186.7324036281179,"loop":false},"37":{"start":205,"end":206.73133786848072,"loop":false},"38":{"start":208,"end":209.72632653061225,"loop":false},"39":{"start":211,"end":212.73544217687075,"loop":false},"40":{"start":216,"end":218.3242403628118,"loop":false},"188":{"start":8,"end":9.202154195011339,"loop":false},